client_id_0_loss,client_id_0_acc,client_id_1_loss,client_id_1_acc,client_id_2_loss,client_id_2_acc,client_id_3_loss,client_id_3_acc
0.9258344645301501,0.5690104365348816,0.8816343535048267,0.5581597089767456,1.0130424487094085,0.4717881977558136,1.035063508587579,0.4487847089767456
0.8846136160815755,0.5863715410232544,0.8409840359042088,0.5885416865348816,0.9880891824141145,0.5065104365348816,1.0015711930269997,0.4774305522441864
0.8587014268462857,0.5967881679534912,0.8050190208790203,0.6137152910232544,0.9782784876103202,0.5021701455116272,0.9896723659088215,0.5004340410232544
0.8368563355567554,0.6137152910232544,0.7940183528698981,0.6137152910232544,0.957288559836646,0.52734375,0.9771104281147321,0.5134548544883728
0.8178138919174671,0.62890625,0.7743772603571415,0.6271701455116272,0.9470794002215067,0.5368923544883728,0.9683105877290169,0.5138888955116272
